id;street;additional;city;type;zip_code
1;Reilly Ridges;Interactions Future Quality;Cartershire;PUBLIC;49080-6269
2;Quincy Loop;Customer supply-chains Corporate;East Humberto;PUBLIC;51972
3;Muller Dam;Tasty microchip Awesome Wooden Table;New Olebury;INDIVIDUAL;56381-3794
4;Smith Grove;Expanded;Shirleymouth;INDIVIDUAL;70502-2608
5;Stacey Spring;National Avon;Wilhelmstad;INDIVIDUAL;13428
6;Dandre Run;Neck Bacon withdrawal;Lake Schuyler;PUBLIC;89679-7620
7;Rick Garden;parse relationships;Ludieton;PUBLIC;76678-7176
8;Ortiz Pike;Supervisor;Port Gail;PUBLIC;16168
9;Leanna Way;fuchsia Lari Advanced;Kaneland;PUBLIC;33938
10;Corwin Plain;alarm;Gleasonhaven;PUBLIC;82708-3964
